model,fold,seed,train_wall_clock_s,soh_rmse,soh_mae,soh_mape,soc_rmse,soc_mae,soc_mape,rul_rmse,rul_mae,rul_mape,rt_corr_post_rest
CoulombCounting,B0005,42,0.0,,,,,,,,,,
CoulombCounting,B0005,43,0.0,,,,,,,,,,
CoulombCounting,B0005,44,0.0,,,,,,,,,,
EKF_1RC,B0005,42,0.0,,,,,,,,,,
EKF_1RC,B0005,43,0.0,,,,,,,,,,
EKF_1RC,B0005,44,0.0,,,,,,,,,,
RandomForest,B0005,42,2.125,0.024612310005962926,0.022664711956172433,2.9868785724020945,,,,12.121399888125092,9.19182588922321,36.56576443336325,
RandomForest,B0005,43,1.1869999999980791,0.025145298609511858,0.022809993793522304,3.016673194647816,,,,12.287540676256597,9.131523594461095,36.05029640378433,
RandomForest,B0005,44,1.1719999999986612,0.024387637228219617,0.022245049966387386,2.9321163358308366,,,,12.489001040191813,9.27137828540507,39.279675188473675,
XGBoost,B0005,42,3.0939999999973224,0.027706879718920937,0.02555275382355087,3.397655382898708,,,,13.160493234939045,8.633929379993962,40.626853915470676,
XGBoost,B0005,43,1.110000000000582,0.022469432716352204,0.020056014601249558,2.6845409139392524,,,,13.720502977349357,8.831627200047174,32.83384743545473,
XGBoost,B0005,44,1.0,0.024194150240887637,0.021658977420216722,2.90882349124934,,,,15.306618850847054,10.171040719463711,39.49658671024448,
VanillaLSTM,B0005,42,13.860000000000582,0.02494844949114862,0.021503892254047828,2.830470670194184,,,,,,,
VanillaLSTM,B0005,43,10.187999999994645,0.0250170535249562,0.020322242071652286,2.477731763497412,,,,,,,
VanillaLSTM,B0005,44,10.031000000002678,0.04353670757584466,0.03655110704432629,4.49462122734605,,,,,,,
StatDecomp,B0005,42,0.0,0.10033365332588434,0.08681295712263692,10.781428111731216,,,,,,,
StatDecomp,B0005,43,0.0,0.10033365332588434,0.08681295712263692,10.781428111731216,,,,,,,
StatDecomp,B0005,44,0.0,0.10033365332588434,0.08681295712263692,10.781428111731216,,,,,,,
PI-MDCNet,B0005,42,11.639999999999418,0.05163882078870327,0.03760277183868429,5.140734223592996,,,,49.91542741889003,35.72072089969197,71.46241180645137,0.22627892240862033
PI-MDCNet,B0005,43,10.75,0.04613285316691874,0.0355980605476644,4.779561066517185,,,,51.82935073109384,37.090181006254774,74.51129264341108,0.05017431020585361
PI-MDCNet,B0005,44,10.719000000004598,0.0502461019622822,0.03688076115207452,5.019083002068449,,,,52.07333565754361,37.612971684737765,75.52614264235572,0.4189693909454858
CoulombCounting,B0006,42,0.0,,,,,,,,,,
CoulombCounting,B0006,43,0.0,,,,,,,,,,
CoulombCounting,B0006,44,0.0,,,,,,,,,,
EKF_1RC,B0006,42,0.01600000000325963,,,,,,,,,,
EKF_1RC,B0006,43,0.0,,,,,,,,,,
EKF_1RC,B0006,44,0.0,,,,,,,,,,
RandomForest,B0006,42,1.1869999999980791,0.04047038552342803,0.034467501878188186,4.509291255535612,,,,13.532433218965116,8.8270220143613,44.928656732916245,
RandomForest,B0006,43,1.1719999999986612,0.04077540316184901,0.03462977931059339,4.528908133167626,,,,13.415781512859878,8.773892193619872,44.19581008908401,
RandomForest,B0006,44,1.187999999994645,0.04080717767025388,0.03478832715459082,4.551200913469294,,,,13.369190165908076,8.718071050642479,44.70644365655233,
XGBoost,B0006,42,1.2660000000032596,0.042034522500849714,0.0364548048740956,4.7688414350997705,,,,12.522844720164036,8.621955840665448,43.23782746950256,
XGBoost,B0006,43,1.7029999999940628,0.040789634331880924,0.03509053183081663,4.622317327317024,,,,11.807747100965805,8.009652953362092,41.03605585523872,
XGBoost,B0006,44,1.375,0.040793820697773736,0.03504720122232932,4.607971471333666,,,,12.114502310613076,8.176432202473128,40.77831715729542,
VanillaLSTM,B0006,42,10.343000000000757,0.0564238202233658,0.04375356257262873,6.270061249239162,,,,,,,
VanillaLSTM,B0006,43,9.968999999997322,0.0461047658032099,0.0381638673881477,5.087913242824876,,,,,,,
VanillaLSTM,B0006,44,18.95300000000134,0.03879406470837518,0.030854893572045856,4.298949030334534,,,,,,,
StatDecomp,B0006,42,0.0,0.12567979114278885,0.09579747868618667,11.419698833827004,,,,13.436403266105033,11.329511765836632,79.51939213587909,
StatDecomp,B0006,43,0.0,0.12567979114278885,0.09579747868618667,11.419698833827004,,,,13.436403266105033,11.329511765836632,79.51939213587909,
StatDecomp,B0006,44,0.0,0.12567979114278885,0.09579747868618667,11.419698833827004,,,,13.436403266105033,11.329511765836632,79.51939213587909,
PI-MDCNet,B0006,42,44.171000000002095,0.06679784626008824,0.05246200355045644,7.553892967320664,,,,38.82687260498255,26.29454707320145,76.63576937388729,-0.9604138570329974
PI-MDCNet,B0006,43,7.360000000000582,0.07865061256048159,0.05779467001051234,8.519094152738308,,,,41.00330731079089,27.610406799644394,76.5295756834223,-0.51371824080813
PI-MDCNet,B0006,44,5.671999999998661,0.0690575246348254,0.05263546036707526,7.637676437922619,,,,41.001687906957294,28.238685635761136,77.53936552126365,-0.9645506467528162
CoulombCounting,B0007,42,0.0,,,,,,,,,,
CoulombCounting,B0007,43,0.0,,,,,,,,,,
CoulombCounting,B0007,44,0.0,,,,,,,,,,
EKF_1RC,B0007,42,0.01599999999598367,,,,,,,,,,
EKF_1RC,B0007,43,0.0,,,,,,,,,,
EKF_1RC,B0007,44,0.0,,,,,,,,,,
RandomForest,B0007,42,0.5619999999980791,0.02550714231077665,0.020729072194590942,2.4415664524656098,,,,,,,
RandomForest,B0007,43,0.7340000000040163,0.026810728747253963,0.021859080470897796,2.576335570848388,,,,,,,
RandomForest,B0007,44,0.6560000000026776,0.027259571006096765,0.021638060515234456,2.5400997404513155,,,,,,,
XGBoost,B0007,42,0.6869999999980791,0.02537254076337599,0.021315689114660134,2.537214343482787,,,,,,,
XGBoost,B0007,43,0.5780000000013388,0.02294450978263522,0.01662829861987256,1.9193099349281917,,,,,,,
XGBoost,B0007,44,0.4530000000013388,0.02208710263442238,0.016924566770292318,1.9697385685295352,,,,,,,
VanillaLSTM,B0007,42,4.25,0.040853934910727,0.024824225260165388,2.8741295875981803,,,,,,,
VanillaLSTM,B0007,43,4.1560000000026776,0.04396162758022273,0.029304656698516493,3.427842892066512,,,,,,,
VanillaLSTM,B0007,44,4.109000000004016,0.07072384669351924,0.0576178639632823,6.875126020088075,,,,,,,
StatDecomp,B0007,42,0.0,0.11152159883258149,0.0899287610448238,10.36470362180813,,,,,,,
StatDecomp,B0007,43,0.0,0.11152159883258149,0.0899287610448238,10.36470362180813,,,,,,,
StatDecomp,B0007,44,0.0,0.11152159883258149,0.0899287610448238,10.36470362180813,,,,,,,
PI-MDCNet,B0007,42,4.875,0.07176623304220583,0.061085620422739004,7.895616173726601,,,,,,,-0.20390690489866403
PI-MDCNet,B0007,43,4.2189999999973224,0.06729661171000834,0.05578800337847246,7.231371002475681,,,,,,,0.56010925628696
PI-MDCNet,B0007,44,4.485000000000582,0.028746361423225255,0.023107260590049455,2.885559879816643,,,,,,,0.7282733523811917
CoulombCounting,B0018,42,0.0,,,,,,,,,,
CoulombCounting,B0018,43,0.0,,,,,,,,,,
CoulombCounting,B0018,44,0.0,,,,,,,,,,
EKF_1RC,B0018,42,0.0,,,,,,,,,,
EKF_1RC,B0018,43,0.0,,,,,,,,,,
EKF_1RC,B0018,44,0.0,,,,,,,,,,
RandomForest,B0018,42,0.43800000000192085,0.028115454467115514,0.02195898020693065,3.0430037178845932,,,,24.43862664013305,20.225495761183257,155.84680180719263,
RandomForest,B0018,43,0.4530000000013388,0.0286752236358894,0.02209141819484777,3.0694653182095863,,,,25.24438655921559,20.811823863636363,158.39966251102976,
RandomForest,B0018,44,0.43800000000192085,0.027704399131834062,0.021396648232152492,2.9677345337003325,,,,24.990809859669785,20.567422438672438,156.98652020588213,
XGBoost,B0018,42,0.34399999999732245,0.03462666492955583,0.02776579969871376,3.8356762037652508,,,,24.680916923082325,20.370591452627473,158.66150266398859,
XGBoost,B0018,43,0.43800000000192085,0.029710488377259637,0.02498562028680987,3.410268684599347,,,,24.2932684600112,20.366959817481764,158.10534029930298,
XGBoost,B0018,44,0.34399999999732245,0.03417920730758023,0.028180123741641888,3.870258721699672,,,,24.031210475879586,19.938330751476865,150.86494347066662,
VanillaLSTM,B0018,42,3.9219999999986612,0.03549202163677855,0.031107401254248934,4.0769671505213125,,,,,,,
VanillaLSTM,B0018,43,3.9839999999967404,0.04953622377476867,0.04479431212477299,6.015175637546783,,,,,,,
VanillaLSTM,B0018,44,3.938000000001921,0.05716183954717731,0.05279021646334598,7.027414623436022,,,,,,,
StatDecomp,B0018,42,0.0,0.09885684942299759,0.08580648481191247,11.480087830510865,,,,,,,
StatDecomp,B0018,43,0.0,0.09885684942299759,0.08580648481191247,11.480087830510865,,,,,,,
StatDecomp,B0018,44,0.0,0.09885684942299759,0.08580648481191247,11.480087830510865,,,,,,,
PI-MDCNet,B0018,42,3.8590000000040163,0.05342702997568687,0.04789802410673113,6.014639232627507,,,,36.214275730132265,26.716215354926657,77.58315370382068,
PI-MDCNet,B0018,43,3.5780000000013388,0.049288191660452556,0.044670974035522865,5.62801815385912,,,,38.19488876728678,27.880514574773382,77.8478894113774,
PI-MDCNet,B0018,44,3.389999999999418,0.054006745487834885,0.04580142059307603,5.833513079865953,,,,38.23905543380847,27.694376235997137,74.50213032615224,
